timestamp,project_name,run_id,experiment_id,duration,emissions,emissions_rate,cpu_power,gpu_power,ram_power,cpu_energy,gpu_energy,ram_energy,energy_consumed,country_name,country_iso_code,region,cloud_provider,cloud_region,os,python_version,codecarbon_version,cpu_count,cpu_model,gpu_count,gpu_model,longitude,latitude,ram_total_size,tracking_mode,on_cloud,pue
2025-05-25T21:58:38,client_sim_client_non-iid_0_gisette,2bf4e1a1-3282-4279-85f0-df47b0f58aa7,5b0fa12a-3dd7-45bb-9766-cc326314d9f1,17.015398800002004,5.140338868994853e-05,3.0209922961043074e-06,42.5,0.0,20.0,0.0002008699399305,0.0,9.44669672222517e-05,0.0002953369071528,Spain,ESP,galicia,,,Windows-10-10.0.26100-SP0,3.11.9,3.0.1,12.0,AMD Ryzen 5 7600X 6-Core Processor,,,-7.8691,42.3366,31.14477157592773,machine,N,1.0
2025-05-25T22:16:46,client_sim_client_non-iid_1_gisette,55594b86-9cf3-4c81-b665-4c2736cb7a44,5b0fa12a-3dd7-45bb-9766-cc326314d9f1,16.344853899994632,4.937662142701751e-05,3.020927671126734e-06,42.5,0.0,20.0,0.0001929523622915,0.0,9.073980333333666e-05,0.0002836921656249,Spain,ESP,galicia,,,Windows-10-10.0.26100-SP0,3.11.9,3.0.1,12.0,AMD Ryzen 5 7600X 6-Core Processor,,,-7.8691,42.3366,31.14477157592773,machine,N,1.0
2025-05-25T22:35:11,client_sim_client_non-iid_1_gisette,e36ee829-f419-4151-8cf6-20b6415b64ce,5b0fa12a-3dd7-45bb-9766-cc326314d9f1,16.244147099998372,4.907237021820514e-05,3.020926239839952e-06,42.5,0.0,20.0,0.0001917654683332,0.0,9.017862944440116e-05,0.0002819440977776,Spain,ESP,galicia,,,Windows-10-10.0.26100-SP0,3.11.9,3.0.1,12.0,AMD Ryzen 5 7600X 6-Core Processor,,,-7.8691,42.3366,31.14477157592773,machine,N,1.0
2025-05-25T22:36:51,client_sim_client_non-iid_0_gisette,1146fd22-fb9c-4e90-94f7-217010919b53,5b0fa12a-3dd7-45bb-9766-cc326314d9f1,116.19492780000292,0.000351087481648,3.021538790852778e-06,42.5,0.0,20.0,0.0013717370113194,0.0,0.0006454274911111,0.0020171645024306,Spain,ESP,galicia,,,Windows-10-10.0.26100-SP0,3.11.9,3.0.1,12.0,AMD Ryzen 5 7600X 6-Core Processor,,,-7.8691,42.3366,31.14477157592773,machine,N,1.0
2025-05-25T22:38:48,client_sim_client_non-iid_1_gisette,e36ee829-f419-4151-8cf6-20b6415b64ce,5b0fa12a-3dd7-45bb-9766-cc326314d9f1,233.35581159999856,0.0007051067701564,3.0215950711571784e-06,42.5,0.0,20.0,0.0027548846469443,0.0,0.0012962889822221,0.0040511736291665,Spain,ESP,galicia,,,Windows-10-10.0.26100-SP0,3.11.9,3.0.1,12.0,AMD Ryzen 5 7600X 6-Core Processor,,,-7.8691,42.3366,31.14477157592773,machine,N,1.0
2025-05-25T22:42:34,client_sim_client_non-iid_1_gisette,e36ee829-f419-4151-8cf6-20b6415b64ce,5b0fa12a-3dd7-45bb-9766-cc326314d9f1,458.94660250000015,0.0013867688346592,3.0216343842730447e-06,42.5,0.0,20.0,0.0054181064095138,0.0,0.0025495398683332,0.0079676462778471,Spain,ESP,galicia,,,Windows-10-10.0.26100-SP0,3.11.9,3.0.1,12.0,AMD Ryzen 5 7600X 6-Core Processor,,,-7.8691,42.3366,31.14477157592773,machine,N,1.0
2025-05-25T22:47:50,client_sim_client_non-iid_0_gisette,1146fd22-fb9c-4e90-94f7-217010919b53,5b0fa12a-3dd7-45bb-9766-cc326314d9f1,775.5808497000035,0.0023435293672021,3.021644188492598e-06,42.5,0.0,20.0,0.0091561460615973,0.0,0.0043085443561111,0.0134646904177085,Spain,ESP,galicia,,,Windows-10-10.0.26100-SP0,3.11.9,3.0.1,12.0,AMD Ryzen 5 7600X 6-Core Processor,,,-7.8691,42.3366,31.14477157592773,machine,N,1.0
2025-05-25T22:49:13,client_sim_client_non-iid_0_gisette,1146fd22-fb9c-4e90-94f7-217010919b53,5b0fa12a-3dd7-45bb-9766-cc326314d9f1,858.1987292000049,0.0025931698921628,3.0216426614615445e-06,42.5,0.0,20.0,0.0101314932583335,0.0,0.0047675006638888,0.0148989939222224,Spain,ESP,galicia,,,Windows-10-10.0.26100-SP0,3.11.9,3.0.1,12.0,AMD Ryzen 5 7600X 6-Core Processor,,,-7.8691,42.3366,31.14477157592773,machine,N,1.0
2025-05-25T23:03:20,client_sim_client_non-iid_1_gisette,e36ee829-f419-4151-8cf6-20b6415b64ce,5b0fa12a-3dd7-45bb-9766-cc326314d9f1,1714.2656734999982,0.005179939173475,3.0216665091935133e-06,42.5,0.0,20.0,0.020237819354236,0.0,0.0095233939377777,0.0297612132920138,Spain,ESP,galicia,,,Windows-10-10.0.26100-SP0,3.11.9,3.0.1,12.0,AMD Ryzen 5 7600X 6-Core Processor,,,-7.8691,42.3366,31.14477157592773,machine,N,1.0
2025-05-25T23:10:23,client_sim_client_non-iid_0_gisette,1146fd22-fb9c-4e90-94f7-217010919b53,5b0fa12a-3dd7-45bb-9766-cc326314d9f1,2137.1202344999983,0.0064576767307889,3.021672167312455e-06,42.5,0.0,20.0,0.0252298669022225,0.0,0.0118725561416666,0.0371024230438891,Spain,ESP,galicia,,,Windows-10-10.0.26100-SP0,3.11.9,3.0.1,12.0,AMD Ryzen 5 7600X 6-Core Processor,,,-7.8691,42.3366,31.14477157592773,machine,N,1.0
0,,,,,,,,,,,,,,,,,,,,,,,,,,,,,,,
2025-05-25T23:14:20,client_sim_client_non-iid_0_gisette,1146fd22-fb9c-4e90-94f7-217010919b53,5b0fa12a-3dd7-45bb-9766-cc326314d9f1,2373.5884282000043,0.007172207018348,3.021672558366442e-06,42.5,0.0,20.0,0.0280215027725002,0.0,0.0131862364883333,0.0412077392608336,Spain,ESP,galicia,,,Windows-10-10.0.26100-SP0,3.11.9,3.0.1,12.0,AMD Ryzen 5 7600X 6-Core Processor,,,-7.8691,42.3366,31.14477157592773,machine,N,1.0
2025-05-25T23:16:26,client_sim_client_non-iid_0_gisette,1146fd22-fb9c-4e90-94f7-217010919b53,5b0fa12a-3dd7-45bb-9766-cc326314d9f1,2499.6881460000004,0.007553237395034,3.021671886199397e-06,42.5,0.0,20.0,0.0295101784712502,0.0,0.0138867614599999,0.0433969399312501,Spain,ESP,galicia,,,Windows-10-10.0.26100-SP0,3.11.9,3.0.1,12.0,AMD Ryzen 5 7600X 6-Core Processor,,,-7.8691,42.3366,31.14477157592773,machine,N,1.0
2025-05-25T23:17:14,client_sim_client_non-iid_0_gisette,1146fd22-fb9c-4e90-94f7-217010919b53,5b0fa12a-3dd7-45bb-9766-cc326314d9f1,2547.656264600002,0.0076981773835521,3.021670344826046e-06,42.5,0.0,20.0,0.030076467296389,0.0,0.0141532217788888,0.0442296890752779,Spain,ESP,galicia,,,Windows-10-10.0.26100-SP0,3.11.9,3.0.1,12.0,AMD Ryzen 5 7600X 6-Core Processor,,,-7.8691,42.3366,31.14477157592773,machine,N,1.0
2025-05-26T16:45:29,client_sim_client_non-iid_0_gisette,225f6eab-a0b5-4371-bade-668ec650ad80,5b0fa12a-3dd7-45bb-9766-cc326314d9f1,643.0370069999917,0.0019428369396682,3.021345456822646e-06,42.5,0.0,20.0,0.0075912687565273,0.0,0.0035712531605554,0.0111625219170827,Spain,ESP,galicia,,,Windows-10-10.0.26100-SP0,3.11.9,3.0.1,12.0,AMD Ryzen 5 7600X 6-Core Processor,,,-7.8691,42.3366,31.14477157592773,machine,N,1.0
2025-05-26T17:30:59,client_sim_client_non-iid_0_gisette,ef43a926-5ec0-4d9c-bed0-3583c4d7dc2a,5b0fa12a-3dd7-45bb-9766-cc326314d9f1,20.011671500004013,6.045935088035096e-05,3.0212044446331648e-06,42.5,0.0,20.0,0.0002362427088194,0.0,0.0001111250066666,0.000347367715486,Spain,ESP,galicia,,,Windows-10-10.0.26100-SP0,3.11.9,3.0.1,12.0,AMD Ryzen 5 7600X 6-Core Processor,,,-7.8691,42.3366,31.14477157592773,machine,N,1.0
2025-05-26T17:33:50,client_sim_client_non-iid_0_gisette,ef43a926-5ec0-4d9c-bed0-3583c4d7dc2a,5b0fa12a-3dd7-45bb-9766-cc326314d9f1,191.56143889999657,0.0005788271728144,3.0216267748780893e-06,42.5,0.0,20.0,0.0022614816454167,0.0,0.0010641556588889,0.0033256373043056,Spain,ESP,galicia,,,Windows-10-10.0.26100-SP0,3.11.9,3.0.1,12.0,AMD Ryzen 5 7600X 6-Core Processor,,,-7.8691,42.3366,31.14477157592773,machine,N,1.0
2025-05-26T17:43:23,client_sim_client_non-iid_0_gisette,ef43a926-5ec0-4d9c-bed0-3583c4d7dc2a,5b0fa12a-3dd7-45bb-9766-cc326314d9f1,764.1530371999979,0.0023090234915599,3.0216767835153183e-06,42.5,0.0,20.0,0.0090212422145139,0.0,0.0042451955422223,0.0132664377567362,Spain,ESP,galicia,,,Windows-10-10.0.26100-SP0,3.11.9,3.0.1,12.0,AMD Ryzen 5 7600X 6-Core Processor,,,-7.8691,42.3366,31.14477157592773,machine,N,1.0
2025-05-26T17:54:28,client_sim_client_non-iid_0_gisette,ef43a926-5ec0-4d9c-bed0-3583c4d7dc2a,5b0fa12a-3dd7-45bb-9766-cc326314d9f1,1429.7672173000028,0.0043203064971565,3.021685240003707e-06,42.5,0.0,20.0,0.0168791859205556,0.0,0.007943028943889,0.0248222148644446,Spain,ESP,galicia,,,Windows-10-10.0.26100-SP0,3.11.9,3.0.1,12.0,AMD Ryzen 5 7600X 6-Core Processor,,,-7.8691,42.3366,31.14477157592773,machine,N,1.0
2025-05-26T17:55:38,client_sim_client_non-iid_0_gisette,ef43a926-5ec0-4d9c-bed0-3583c4d7dc2a,5b0fa12a-3dd7-45bb-9766-cc326314d9f1,1499.7426081000012,0.0045317468172457,3.021683049324643e-06,42.5,0.0,20.0,0.01770528293125,0.0,0.008331757098889,0.026037040030139,Spain,ESP,galicia,,,Windows-10-10.0.26100-SP0,3.11.9,3.0.1,12.0,AMD Ryzen 5 7600X 6-Core Processor,,,-7.8691,42.3366,31.14477157592773,machine,N,1.0
2025-05-26T17:56:36,client_sim_client_non-iid_0_gisette,ef43a926-5ec0-4d9c-bed0-3583c4d7dc2a,5b0fa12a-3dd7-45bb-9766-cc326314d9f1,1557.2804324000026,0.0047056037694827,3.0216804061620942e-06,42.5,0.0,20.0,0.0183845468111806,0.0,0.0086513840677778,0.0270359308789584,Spain,ESP,galicia,,,Windows-10-10.0.26100-SP0,3.11.9,3.0.1,12.0,AMD Ryzen 5 7600X 6-Core Processor,,,-7.8691,42.3366,31.14477157592773,machine,N,1.0
2025-05-26T17:58:01,client_sim_client_non-iid_0_gisette,ef43a926-5ec0-4d9c-bed0-3583c4d7dc2a,5b0fa12a-3dd7-45bb-9766-cc326314d9f1,1642.379838199995,0.0049627410089073,3.02167677261942e-06,42.5,0.0,20.0,0.0193891785372916,0.0,0.009124128035,0.0285133065722916,Spain,ESP,galicia,,,Windows-10-10.0.26100-SP0,3.11.9,3.0.1,12.0,AMD Ryzen 5 7600X 6-Core Processor,,,-7.8691,42.3366,31.14477157592773,machine,N,1.0
2025-05-26T17:59:27,client_sim_client_non-iid_0_gisette,ef43a926-5ec0-4d9c-bed0-3583c4d7dc2a,5b0fa12a-3dd7-45bb-9766-cc326314d9f1,1728.4344854999945,0.0052227712088641,3.021677276563528e-06,42.5,0.0,20.0,0.0204051118881942,0.0,0.0096021918111111,0.0300073036993054,Spain,ESP,galicia,,,Windows-10-10.0.26100-SP0,3.11.9,3.0.1,12.0,AMD Ryzen 5 7600X 6-Core Processor,,,-7.8691,42.3366,31.14477157592773,machine,N,1.0
2025-05-26T18:00:02,client_sim_client_non-iid_0_gisette,ef43a926-5ec0-4d9c-bed0-3583c4d7dc2a,5b0fa12a-3dd7-45bb-9766-cc326314d9f1,1763.6598014999909,0.0053292069983881,3.021675151781345e-06,42.5,0.0,20.0,0.0208209646887497,0.0,0.0097978632249999,0.0306188279137497,Spain,ESP,galicia,,,Windows-10-10.0.26100-SP0,3.11.9,3.0.1,12.0,AMD Ryzen 5 7600X 6-Core Processor,,,-7.8691,42.3366,31.14477157592773,machine,N,1.0
2025-05-26T18:01:06,client_sim_client_non-iid_0_gisette,ef43a926-5ec0-4d9c-bed0-3583c4d7dc2a,5b0fa12a-3dd7-45bb-9766-cc326314d9f1,1827.944476799996,0.00552345168124,3.0216736620520406e-06,42.5,0.0,20.0,0.0215798796024998,0.0,0.0101549763655555,0.0317348559680554,Spain,ESP,galicia,,,Windows-10-10.0.26100-SP0,3.11.9,3.0.1,12.0,AMD Ryzen 5 7600X 6-Core Processor,,,-7.8691,42.3366,31.14477157592773,machine,N,1.0
2025-05-26T18:06:23,client_sim_client_non-iid_0_gisette,ef43a926-5ec0-4d9c-bed0-3583c4d7dc2a,5b0fa12a-3dd7-45bb-9766-cc326314d9f1,2144.6266348999925,0.0064803662492173,3.0216757284279285e-06,42.5,0.0,20.0,0.0253184870380554,0.0,0.0119142980766666,0.037232785114722,Spain,ESP,galicia,,,Windows-10-10.0.26100-SP0,3.11.9,3.0.1,12.0,AMD Ryzen 5 7600X 6-Core Processor,,,-7.8691,42.3366,31.14477157592773,machine,N,1.0
2025-05-26T18:07:40,client_sim_client_non-iid_0_gisette,ef43a926-5ec0-4d9c-bed0-3583c4d7dc2a,5b0fa12a-3dd7-45bb-9766-cc326314d9f1,2221.457336499996,0.0067125214117878,3.0216746914274467e-06,42.5,0.0,20.0,0.0262255148307638,0.0,0.0123411120683333,0.0385666268990971,Spain,ESP,galicia,,,Windows-10-10.0.26100-SP0,3.11.9,3.0.1,12.0,AMD Ryzen 5 7600X 6-Core Processor,,,-7.8691,42.3366,31.14477157592773,machine,N,1.0
2025-05-26T18:08:12,client_sim_client_non-iid_0_gisette,ef43a926-5ec0-4d9c-bed0-3583c4d7dc2a,5b0fa12a-3dd7-45bb-9766-cc326314d9f1,2253.910541999998,0.0068105805184397,3.02167295086896e-06,42.5,0.0,20.0,0.0266086404850693,0.0,0.0125213826027777,0.0391300230878471,Spain,ESP,galicia,,,Windows-10-10.0.26100-SP0,3.11.9,3.0.1,12.0,AMD Ryzen 5 7600X 6-Core Processor,,,-7.8691,42.3366,31.14477157592773,machine,N,1.0
2025-05-26T18:22:39,client_sim_client_non-iid_0_gisette,cccf1889-f32c-4192-93c4-e6be4dd28015,5b0fa12a-3dd7-45bb-9766-cc326314d9f1,107.05980010000349,0.0003234595618658,3.0212980181518044e-06,42.5,0.0,20.0,0.0012638590806942,0.0,0.0005945698872222,0.0018584289679165,Spain,ESP,galicia,,,Windows-10-10.0.26100-SP0,3.11.9,3.0.1,12.0,AMD Ryzen 5 7600X 6-Core Processor,,,-7.8691,42.3366,31.14477157592773,machine,N,1.0
2025-05-26T18:22:39,server_pc_server_ctrl,133a2a9b-5b4d-49bd-8e5d-5633de0c84c1,5b0fa12a-3dd7-45bb-9766-cc326314d9f1,20.553330499998992,6.194204866094802e-05,3.0137231852011066e-06,42.5,0.0,20.0,0.0002420776624999,0.0,0.0001138088566666,0.0003558865191666,Spain,ESP,galicia,,,Windows-10-10.0.26100-SP0,3.11.9,3.0.1,12.0,AMD Ryzen 5 7600X 6-Core Processor,,,-7.8691,42.3366,31.14477157592773,machine,N,1.0
2025-05-28T11:44:44,client_sim_client_non-iid_0_gisette,08a9478b-b85d-49ef-9591-bbc32efcb1f6,5b0fa12a-3dd7-45bb-9766-cc326314d9f1,19.36024780000025,5.849166370544169e-05,3.021224950717879e-06,42.5,0.0,20.0,0.0002285526265972,0.0,0.0001075097905555,0.0003360624171527,Spain,ESP,galicia,,,Windows-10-10.0.26100-SP0,3.11.9,3.0.1,12.0,AMD Ryzen 5 7600X 6-Core Processor,,,-7.8691,42.3366,31.14561462402344,machine,N,1.0
2025-05-28T11:44:44,server_pc_server_ctrl,d301a514-a481-4b45-ad54-d03bc16a1dbc,5b0fa12a-3dd7-45bb-9766-cc326314d9f1,19.37943679999989,5.854973224867812e-05,3.0212298145154788e-06,42.5,0.0,20.0,0.0002287792696527,0.0,0.0001076167788888,0.0003363960485416,Spain,ESP,galicia,,,Windows-10-10.0.26100-SP0,3.11.9,3.0.1,12.0,AMD Ryzen 5 7600X 6-Core Processor,,,-7.8691,42.3366,31.14561462402344,machine,N,1.0
2025-05-28T11:45:29,client_sim_client_non-iid_0_gisette,08a9478b-b85d-49ef-9591-bbc32efcb1f6,5b0fa12a-3dd7-45bb-9766-cc326314d9f1,64.58354380000037,0.0001951389393508,3.021496311120961e-06,42.5,0.0,20.0,0.0007624369619444,0.0,0.0003587290211111,0.0011211659830555,Spain,ESP,galicia,,,Windows-10-10.0.26100-SP0,3.11.9,3.0.1,12.0,AMD Ryzen 5 7600X 6-Core Processor,,,-7.8691,42.3366,31.14561462402344,machine,N,1.0
2025-05-28T11:45:29,server_pc_server_ctrl,413f657e-e2ce-498c-9ef9-745434db3993,5b0fa12a-3dd7-45bb-9766-cc326314d9f1,19.225412799999503,5.808495703344569e-05,3.0212592903829454e-06,42.5,0.0,20.0,0.0002269600028472,0.0,0.0001067656911111,0.0003337256939583,Spain,ESP,galicia,,,Windows-10-10.0.26100-SP0,3.11.9,3.0.1,12.0,AMD Ryzen 5 7600X 6-Core Processor,,,-7.8691,42.3366,31.14561462402344,machine,N,1.0
2025-05-28T13:37:32,server_pc_server_ctrl,a7f58edf-1db9-405f-a656-6c0259211473,5b0fa12a-3dd7-45bb-9766-cc326314d9f1,59.654795999998896,0.0001802424348791,3.0214240424043385e-06,42.5,0.0,20.0,0.0007042464624999,0.0,0.00033133202,0.0010355784824999,Spain,ESP,galicia,,,Windows-10-10.0.26100-SP0,3.11.9,3.0.1,12.0,AMD Ryzen 5 7600X 6-Core Processor,,,-7.8691,42.3366,31.14561462402344,machine,N,1.0
2025-05-28T15:09:50,client_sim_client_0,2309ca65-012a-498b-8f16-583816c4c328,5b0fa12a-3dd7-45bb-9766-cc326314d9f1,17.28081420000308,5.220693396701424e-05,3.0210922565792613e-06,42.5,0.0,20.0,0.00020400163625,0.0,9.595202055556408e-05,0.0002999536568055,Spain,ESP,galicia,,,Windows-10-10.0.26100-SP0,3.11.9,3.0.1,12.0,AMD Ryzen 5 7600X 6-Core Processor,,,-7.8691,42.3366,31.14561462402344,machine,N,1.0
2025-05-28T15:09:50,server_pc_server_ctrl,4b3677f1-3051-4b0c-98e8-c976edc7a266,5b0fa12a-3dd7-45bb-9766-cc326314d9f1,17.29225669999869,5.2243328232957125e-05,3.021197819308401e-06,42.5,0.0,20.0,0.0002041378463888,0.0,9.602491277776911e-05,0.0003001627591666,Spain,ESP,galicia,,,Windows-10-10.0.26100-SP0,3.11.9,3.0.1,12.0,AMD Ryzen 5 7600X 6-Core Processor,,,-7.8691,42.3366,31.14561462402344,machine,N,1.0
2025-05-28T15:10:46,client_sim_client_1,2eeb360a-c29d-4aa5-9d70-1ab21faec2f5,5b0fa12a-3dd7-45bb-9766-cc326314d9f1,73.46190389999902,0.0002219622558011,3.021460702995822e-06,42.5,0.0,20.0,0.0008672459333332,0.0,0.0004080327555555,0.0012752786888888,Spain,ESP,galicia,,,Windows-10-10.0.26100-SP0,3.11.9,3.0.1,12.0,AMD Ryzen 5 7600X 6-Core Processor,,,-7.8691,42.3366,31.14561462402344,machine,N,1.0
2025-05-28T15:10:46,server_pc_server_ctrl,6d3bac37-a269-414f-9cd6-cc2ca41fa633,5b0fa12a-3dd7-45bb-9766-cc326314d9f1,18.0990383999997,5.467777620725522e-05,3.021032112250568e-06,42.5,0.0,20.0,0.0002136612924305,0.0,0.0001004885277777,0.0003141498202083,Spain,ESP,galicia,,,Windows-10-10.0.26100-SP0,3.11.9,3.0.1,12.0,AMD Ryzen 5 7600X 6-Core Processor,,,-7.8691,42.3366,31.14561462402344,machine,N,1.0
2025-05-28T15:11:19,client_sim_client_2,2d66fd29-af2f-4907-8d24-82340d00a516,5b0fa12a-3dd7-45bb-9766-cc326314d9f1,16.44763299999977,4.9687962175807664e-05,3.0209795036044616e-06,42.5,0.0,20.0,0.0001941658234722,0.0,9.131514277776458e-05,0.0002854809662499,Spain,ESP,galicia,,,Windows-10-10.0.26100-SP0,3.11.9,3.0.1,12.0,AMD Ryzen 5 7600X 6-Core Processor,,,-7.8691,42.3366,31.14561462402344,machine,N,1.0
2025-05-28T15:11:19,server_pc_server_ctrl,0810efca-eb8f-40cf-b616-63c50dc77b36,5b0fa12a-3dd7-45bb-9766-cc326314d9f1,16.460817800001678,4.972872300575392e-05,3.021035990432313e-06,42.5,0.0,20.0,0.0001943220782639,0.0,9.139307833334492e-05,0.0002857151565972,Spain,ESP,galicia,,,Windows-10-10.0.26100-SP0,3.11.9,3.0.1,12.0,AMD Ryzen 5 7600X 6-Core Processor,,,-7.8691,42.3366,31.14561462402344,machine,N,1.0
2025-05-28T15:18:04,server_pc_server_ctrl,93f4f1b5-f8af-4793-a8f0-055a08f236bb,5b0fa12a-3dd7-45bb-9766-cc326314d9f1,34.47518879999916,0.0001039022150466,3.013825845869266e-06,42.5,0.0,20.0,0.0004060695850695,0.0,0.0001908980394444,0.0005969676245139,Spain,ESP,galicia,,,Windows-10-10.0.26100-SP0,3.11.9,3.0.1,12.0,AMD Ryzen 5 7600X 6-Core Processor,,,-7.8691,42.3366,31.14561462402344,machine,N,1.0
2025-05-28T15:20:01,client_sim_client_2,aebd35ec-4f11-496b-911d-28a92745dd35,5b0fa12a-3dd7-45bb-9766-cc326314d9f1,27.696198099998583,8.36796479585107e-05,3.0213406062586973e-06,42.5,0.0,20.0,0.0003269619314583,0.0,0.0001538174305555,0.0004807793620138,Spain,ESP,galicia,,,Windows-10-10.0.26100-SP0,3.11.9,3.0.1,12.0,AMD Ryzen 5 7600X 6-Core Processor,,,-7.8691,42.3366,31.14561462402344,machine,N,1.0
2025-05-28T15:20:01,server_pc_server_ctrl,49e75746-1344-4344-a6c4-09a9c151786d,5b0fa12a-3dd7-45bb-9766-cc326314d9f1,27.712146400001075,8.372955481378221e-05,3.0214027309620074e-06,42.5,0.0,20.0,0.0003271519300694,0.0,0.0001539141705555,0.000481066100625,Spain,ESP,galicia,,,Windows-10-10.0.26100-SP0,3.11.9,3.0.1,12.0,AMD Ryzen 5 7600X 6-Core Processor,,,-7.8691,42.3366,31.14561462402344,machine,N,1.0
2025-05-28T15:25:23,client_sim_client_1,e8e883eb-47bd-46eb-9357-f1dbc4b04197,5b0fa12a-3dd7-45bb-9766-cc326314d9f1,56.03698969999823,0.000169307444396,3.021351526955244e-06,42.5,0.0,20.0,0.0006615350238193,0.0,0.0003112167394444,0.0009727517632638,Spain,ESP,galicia,,,Windows-10-10.0.26100-SP0,3.11.9,3.0.1,12.0,AMD Ryzen 5 7600X 6-Core Processor,,,-7.8691,42.3366,31.14561462402344,machine,N,1.0
2025-05-28T15:25:23,server_pc_server_ctrl,544fe39d-750c-4f31-86fb-dd006f2ac87b,5b0fa12a-3dd7-45bb-9766-cc326314d9f1,30.41648129999885,9.189506208360666e-05,3.021225932652839e-06,42.5,0.0,20.0,0.0003590725148611,0.0,0.0001689083072222,0.0005279808220833,Spain,ESP,galicia,,,Windows-10-10.0.26100-SP0,3.11.9,3.0.1,12.0,AMD Ryzen 5 7600X 6-Core Processor,,,-7.8691,42.3366,31.14561462402344,machine,N,1.0
2025-05-28T15:26:18,client_sim_client_1,e8e883eb-47bd-46eb-9357-f1dbc4b04197,5b0fa12a-3dd7-45bb-9766-cc326314d9f1,110.76533429999836,0.0003346755331331,3.0214826258432897e-06,42.5,0.0,20.0,0.0013076312981249,0.0,0.0006152387572222,0.0019228700553471,Spain,ESP,galicia,,,Windows-10-10.0.26100-SP0,3.11.9,3.0.1,12.0,AMD Ryzen 5 7600X 6-Core Processor,,,-7.8691,42.3366,31.14561462402344,machine,N,1.0
2025-05-28T15:26:18,server_pc_server_ctrl,5bae4ec2-6b07-42b1-8c00-e87d47e8584a,5b0fa12a-3dd7-45bb-9766-cc326314d9f1,30.233348400000978,9.119116822752235e-05,3.01624441398358e-06,42.5,0.0,20.0,0.0003563639166666,0.0,0.0001675727005555,0.0005239366172221,Spain,ESP,galicia,,,Windows-10-10.0.26100-SP0,3.11.9,3.0.1,12.0,AMD Ryzen 5 7600X 6-Core Processor,,,-7.8691,42.3366,31.14561462402344,machine,N,1.0
2025-05-28T15:28:14,client_sim_client_1,e40e52be-7348-4b56-877b-85d484ee51f9,5b0fa12a-3dd7-45bb-9766-cc326314d9f1,29.99359650000042,9.06211373626081e-05,3.021349485801305e-06,42.5,0.0,20.0,0.0003540835366666,0.0,0.0001665779822222,0.0005206615188888,Spain,ESP,galicia,,,Windows-10-10.0.26100-SP0,3.11.9,3.0.1,12.0,AMD Ryzen 5 7600X 6-Core Processor,,,-7.8691,42.3366,31.14561462402344,machine,N,1.0
2025-05-28T15:28:14,server_pc_server_ctrl,c618ab33-e2f6-4fa4-8c95-8e9d2254159a,5b0fa12a-3dd7-45bb-9766-cc326314d9f1,30.00602280000021,9.065955801777806e-05,3.021378695272385e-06,42.5,0.0,20.0,0.0003542315771527,0.0,0.0001666506866666,0.0005208822638194,Spain,ESP,galicia,,,Windows-10-10.0.26100-SP0,3.11.9,3.0.1,12.0,AMD Ryzen 5 7600X 6-Core Processor,,,-7.8691,42.3366,31.14561462402344,machine,N,1.0
2025-05-28T15:36:24,client_sim_client_1,9d491ff9-c42f-4e91-a769-304302399505,5b0fa12a-3dd7-45bb-9766-cc326314d9f1,156.88828830000057,0.0004740209698553,3.021391685712785e-06,42.5,0.0,20.0,0.0018521174638889,0.0,0.0008713583755556,0.0027234758394445,Spain,ESP,galicia,,,Windows-10-10.0.26100-SP0,3.11.9,3.0.1,12.0,AMD Ryzen 5 7600X 6-Core Processor,,,-7.8691,42.3366,31.14561462402344,machine,N,1.0
2025-05-28T15:36:24,server_pc_server_ctrl,c4996bc8-57aa-4c14-9224-ba1aa4ed3817,5b0fa12a-3dd7-45bb-9766-cc326314d9f1,156.90911330000017,0.0004740797853147,3.0213655239284053e-06,42.5,0.0,20.0,0.0018523683744445,0.0,0.0008714453877777,0.0027238137622223,Spain,ESP,galicia,,,Windows-10-10.0.26100-SP0,3.11.9,3.0.1,12.0,AMD Ryzen 5 7600X 6-Core Processor,,,-7.8691,42.3366,31.14561462402344,machine,N,1.0
2025-05-28T15:43:41,client_sim_client_0,27a186e0-0617-4221-ac93-54d39d09d3c8,5b0fa12a-3dd7-45bb-9766-cc326314d9f1,87.27295709999817,0.0002636833582871,3.0213638571335488e-06,42.5,0.0,20.0,0.0010302852951389,0.0,0.0004847009633333,0.0015149862584722,Spain,ESP,galicia,,,Windows-10-10.0.26100-SP0,3.11.9,3.0.1,12.0,AMD Ryzen 5 7600X 6-Core Processor,,,-7.8691,42.3366,31.14561462402344,machine,N,1.0
2025-05-28T15:43:41,server_pc_server_ctrl,4b50e570-ea88-47e7-98bc-47f7ae6425d7,5b0fa12a-3dd7-45bb-9766-cc326314d9f1,87.2930950000009,0.0002637421664703,3.021340536388342e-06,42.5,0.0,20.0,0.0010305187499999,0.0,0.0004848053894444,0.0015153241394444,Spain,ESP,galicia,,,Windows-10-10.0.26100-SP0,3.11.9,3.0.1,12.0,AMD Ryzen 5 7600X 6-Core Processor,,,-7.8691,42.3366,31.14561462402344,machine,N,1.0
2025-05-28T15:49:56,server_pc_server_ctrl,a610a509-7bff-4739-bfc1-ea074316efdb,5b0fa12a-3dd7-45bb-9766-cc326314d9f1,301.90662650000013,0.0009121727202896,3.0213736308620867e-06,42.5,0.0,20.0,0.0035641101374998,0.0,0.0016767558222222,0.005240865959722,Spain,ESP,galicia,,,Windows-10-10.0.26100-SP0,3.11.9,3.0.1,12.0,AMD Ryzen 5 7600X 6-Core Processor,,,-7.8691,42.3366,31.14561462402344,machine,N,1.0
2025-05-28T15:53:30,client_sim_client_0,345d8358-4404-4713-9c8a-ed48913b1f93,5b0fa12a-3dd7-45bb-9766-cc326314d9f1,90.4832017000008,0.000273375299117,3.0212823372834803e-06,42.5,0.0,20.0,0.0010681805275694,0.0,0.0005024905388888,0.0015706710664583,Spain,ESP,galicia,,,Windows-10-10.0.26100-SP0,3.11.9,3.0.1,12.0,AMD Ryzen 5 7600X 6-Core Processor,,,-7.8691,42.3366,31.14561462402344,machine,N,1.0
2025-05-28T15:53:30,server_pc_server_ctrl,6e70d4de-4992-4825-83f2-92807778760e,5b0fa12a-3dd7-45bb-9766-cc326314d9f1,90.50430079999931,0.0002734388143133,3.0212797833505444e-06,42.5,0.0,20.0,0.0010684276320138,0.0,0.0005026083594444,0.0015710359914582,Spain,ESP,galicia,,,Windows-10-10.0.26100-SP0,3.11.9,3.0.1,12.0,AMD Ryzen 5 7600X 6-Core Processor,,,-7.8691,42.3366,31.14561462402344,machine,N,1.0
2025-05-28T18:35:51,client_sim_client_0,27f5f610-34ee-43ff-beb8-798ea99b88e8,5b0fa12a-3dd7-45bb-9766-cc326314d9f1,88.23487879999811,2.34618909009792e-05,2.659026817972996e-07,4.500000000000002,0.0,1.0,0.000110290912375,0.0,2.450880552777865e-05,0.0001347997179027,Spain,ESP,galicia,,,Windows-10-10.0.26100-SP0,3.11.9,3.0.1,12.0,AMD Ryzen 5 7600X 6-Core Processor,,,-7.8691,42.3366,31.14561462402344,machine,N,1.0
2025-05-28T18:35:51,server_pc_server_ctrl,a53873f8-0ccc-4c63-a4f0-d987d0c67e82,5b0fa12a-3dd7-45bb-9766-cc326314d9f1,88.25718479999705,0.0002666521304545,3.021307908911956e-06,42.5,0.0,20.0,0.0010419000977082,0.0,0.0004901431683332,0.0015320432660415,Spain,ESP,galicia,,,Windows-10-10.0.26100-SP0,3.11.9,3.0.1,12.0,AMD Ryzen 5 7600X 6-Core Processor,,,-7.8691,42.3366,31.14561462402344,machine,N,1.0
2025-05-28T18:43:30,client_sim_client_1,a95afa89-cf1f-4289-a5df-7a06d8479372,5b0fa12a-3dd7-45bb-9766-cc326314d9f1,27.110636099998374,7.208822458868227e-06,2.65903847931796e-07,4.500000000000002,0.0,1.0,3.388762137499726e-05,0.0,7.530490999999731e-06,4.141811237499699e-05,Spain,ESP,galicia,,,Windows-10-10.0.26100-SP0,3.11.9,3.0.1,12.0,AMD Ryzen 5 7600X 6-Core Processor,,,-7.8691,42.3366,31.14561462402344,machine,N,1.0
2025-05-28T18:43:30,server_pc_server_ctrl,c16f4d53-aa9e-46ad-a7de-aebcf62dc82f,5b0fa12a-3dd7-45bb-9766-cc326314d9f1,27.13161039999977,8.197219460237586e-05,3.021280100733591e-06,42.5,0.0,20.0,0.0003202983529167,0.0,0.0001506708777777,0.0004709692306944,Spain,ESP,galicia,,,Windows-10-10.0.26100-SP0,3.11.9,3.0.1,12.0,AMD Ryzen 5 7600X 6-Core Processor,,,-7.8691,42.3366,31.14561462402344,machine,N,1.0
2025-05-28T18:54:51,server_pc_server_ctrl,4b3e699c-1bbd-48df-adb9-2df92f4b145e,5b0fa12a-3dd7-45bb-9766-cc326314d9f1,127.01679300000252,0.0003837563540953,3.021304073511977e-06,42.5,0.0,20.0,0.0014994797583333,0.0,0.0007053829483333,0.0022048627066666,Spain,ESP,galicia,,,Windows-10-10.0.26100-SP0,3.11.9,3.0.1,12.0,AMD Ryzen 5 7600X 6-Core Processor,,,-7.8691,42.3366,31.14561462402344,machine,N,1.0
2025-05-28T18:58:47,server_pc_server_ctrl,5c3b2714-b344-496c-906e-7f005d7c1b8c,5b0fa12a-3dd7-45bb-9766-cc326314d9f1,126.8466472,0.0003832386059648,3.021275015338968e-06,42.5,0.0,20.0,0.0014974648947222,0.0,0.0007044231027778,0.0022018879975,Spain,ESP,galicia,,,Windows-10-10.0.26100-SP0,3.11.9,3.0.1,12.0,AMD Ryzen 5 7600X 6-Core Processor,,,-7.8691,42.3366,31.14561462402344,machine,N,1.0
2025-05-28T20:09:28,server_pc_server_ctrl,6dc2cc8b-68f7-4aab-b5fd-9b5e20873855,5b0fa12a-3dd7-45bb-9766-cc326314d9f1,127.2719614000016,0.0003845311330652,3.0213342266072867e-06,42.5,0.0,20.0,0.0015024805074305,0.0,0.0007068336727777,0.0022093141802083,Spain,ESP,galicia,,,Windows-10-10.0.26100-SP0,3.11.9,3.0.1,12.0,AMD Ryzen 5 7600X 6-Core Processor,,,-7.8691,42.3366,31.14561462402344,machine,N,1.0
2025-05-28T20:35:25,server_pc_server_ctrl,e2d1341e-b570-48b4-a512-e4e64a996414,5b0fa12a-3dd7-45bb-9766-cc326314d9f1,128.84541819999868,0.0003892886448461,3.0213619567120647e-06,42.5,0.0,20.0,0.0015210661328472,0.0,0.0007155822144444,0.0022366483472917,Spain,ESP,galicia,,,Windows-10-10.0.26100-SP0,3.11.9,3.0.1,12.0,AMD Ryzen 5 7600X 6-Core Processor,,,-7.8691,42.3366,31.14561462402344,machine,N,1.0
2025-05-28T20:40:27,server_pc_server_ctrl,e1d846af-f0d6-432b-8f26-a120fb26c685,5b0fa12a-3dd7-45bb-9766-cc326314d9f1,159.11409750000166,0.0004807385490833,3.021344787399276e-06,42.5,0.0,20.0,0.001878394719236,0.0,0.0008836768066666,0.0027620715259027,Spain,ESP,galicia,,,Windows-10-10.0.26100-SP0,3.11.9,3.0.1,12.0,AMD Ryzen 5 7600X 6-Core Processor,,,-7.8691,42.3366,31.14561462402344,machine,N,1.0
2025-05-28T20:47:02,server_pc_server_ctrl,40a84bb5-c7ba-4bf9-b92b-cc1374a6e8ad,5b0fa12a-3dd7-45bb-9766-cc326314d9f1,126.6841413000002,0.0003827570722245,3.0213495414403494e-06,42.5,0.0,20.0,0.0014955479794444,0.0,0.0007035733777777,0.0021991213572221,Spain,ESP,galicia,,,Windows-10-10.0.26100-SP0,3.11.9,3.0.1,12.0,AMD Ryzen 5 7600X 6-Core Processor,,,-7.8691,42.3366,31.14561462402344,machine,N,1.0
2025-05-28T23:15:00,client_sim_client_0,da23cd96-66d9-4969-8ba0-19185dff1864,5b0fa12a-3dd7-45bb-9766-cc326314d9f1,35.764218599999936,1.1238882462323614e-05,3.142493503918924e-07,5.5,0.0,1.0,5.463858766666666e-05,0.0,9.934135472222245e-06,6.45727231388889e-05,Spain,ESP,galicia,,,Windows-10-10.0.26100-SP0,3.11.9,3.0.1,12.0,AMD Ryzen 5 7600X 6-Core Processor,,,-7.8691,42.3366,31.14477157592773,machine,N,1.0
2025-05-28T23:15:00,server_pc_server_ctrl,e9130636-49cb-4351-8aa5-1dbef2f78554,5b0fa12a-3dd7-45bb-9766-cc326314d9f1,35.79086999999993,0.0001081367923333,3.021351320417241e-06,42.5,0.0,20.0,0.0004225235509722,0.0,0.0001987737333333,0.0006212972843055,Spain,ESP,galicia,,,Windows-10-10.0.26100-SP0,3.11.9,3.0.1,12.0,AMD Ryzen 5 7600X 6-Core Processor,,,-7.8691,42.3366,31.14477157592773,machine,N,1.0
2025-05-28T23:16:40,client_sim_client_0,da23cd96-66d9-4969-8ba0-19185dff1864,5b0fa12a-3dd7-45bb-9766-cc326314d9f1,135.97120669999993,4.272956881090417e-05,3.142545385007913e-07,5.5,0.0,1.0,0.0002077323520555,0.0,3.776933602777777e-05,0.0002455016880833,Spain,ESP,galicia,,,Windows-10-10.0.26100-SP0,3.11.9,3.0.1,12.0,AMD Ryzen 5 7600X 6-Core Processor,,,-7.8691,42.3366,31.14477157592773,machine,N,1.0
2025-05-28T23:16:40,server_pc_server_ctrl,fe1cc61c-12f6-4571-b831-7bec473a76aa,5b0fa12a-3dd7-45bb-9766-cc326314d9f1,35.6387893000001,0.0001076753596033,3.0212967869635404e-06,42.5,0.0,20.0,0.0004207245188888,0.0,0.000197921615,0.0006186461338888,Spain,ESP,galicia,,,Windows-10-10.0.26100-SP0,3.11.9,3.0.1,12.0,AMD Ryzen 5 7600X 6-Core Processor,,,-7.8691,42.3366,31.14477157592773,machine,N,1.0
2025-05-28T23:24:28,client_sim_client_0,d516d5a0-fe0f-4846-b506-556240165faf,5b0fa12a-3dd7-45bb-9766-cc326314d9f1,35.625628100000085,1.1195225106793767e-05,3.14246392382728e-07,5.5,0.0,1.0,5.442633762500002e-05,0.0,9.895553250000072e-06,6.43218908750001e-05,Spain,ESP,galicia,,,Windows-10-10.0.26100-SP0,3.11.9,3.0.1,12.0,AMD Ryzen 5 7600X 6-Core Processor,,,-7.8691,42.3366,31.14477157592773,machine,N,1.0
2025-05-28T23:24:28,server_pc_server_ctrl,9a04c47c-168c-48f7-853a-74086ca7cdfa,5b0fa12a-3dd7-45bb-9766-cc326314d9f1,35.66289660000007,0.0001077489145716,3.021316966488127e-06,42.5,0.0,20.0,0.0004210106749305,0.0,0.0001980580672222,0.0006190687421527,Spain,ESP,galicia,,,Windows-10-10.0.26100-SP0,3.11.9,3.0.1,12.0,AMD Ryzen 5 7600X 6-Core Processor,,,-7.8691,42.3366,31.14477157592773,machine,N,1.0
2025-05-28T23:26:06,client_sim_client_0,d516d5a0-fe0f-4846-b506-556240165faf,5b0fa12a-3dd7-45bb-9766-cc326314d9f1,133.7550265000002,4.203302571000699e-05,3.142538027160192e-07,5.5,0.0,1.0,0.0002043460604166,0.0,3.715365638888898e-05,0.0002414997168055,Spain,ESP,galicia,,,Windows-10-10.0.26100-SP0,3.11.9,3.0.1,12.0,AMD Ryzen 5 7600X 6-Core Processor,,,-7.8691,42.3366,31.14477157592773,machine,N,1.0
2025-05-28T23:26:06,server_pc_server_ctrl,386789e3-7de8-41f3-a2f3-5c816804bb7d,5b0fa12a-3dd7-45bb-9766-cc326314d9f1,35.66996740000013,0.0001077699500975,3.021307782231448e-06,42.5,0.0,20.0,0.0004210942712499,0.0,0.0001980953299999,0.0006191896012499,Spain,ESP,galicia,,,Windows-10-10.0.26100-SP0,3.11.9,3.0.1,12.0,AMD Ryzen 5 7600X 6-Core Processor,,,-7.8691,42.3366,31.14477157592773,machine,N,1.0
2025-05-28T23:38:01,client_job_sim_client_0,00dce92b-ae45-4d61-8813-ff1ef505aca7,5b0fa12a-3dd7-45bb-9766-cc326314d9f1,35.48305449999998,1.1150537728198682e-05,3.1424965762738065e-07,5.5,0.0,1.0,5.420908625000032e-05,0.0,9.85605438888898e-06,6.406514063888929e-05,Spain,ESP,galicia,,,Windows-10-10.0.26100-SP0,3.11.9,3.0.1,12.0,AMD Ryzen 5 7600X 6-Core Processor,,,-7.8691,42.3366,31.14477157592773,machine,N,1.0
2025-05-28T23:38:01,server_pc_server_ctrl,adb91d2b-44fe-4a33-aa89-744f15d8a54e,5b0fa12a-3dd7-45bb-9766-cc326314d9f1,37.30651559999978,0.0001127146455826,3.02131259834504e-06,42.5,0.0,20.0,0.0004404151360416,0.0,0.0002071840916666,0.0006475992277083,Spain,ESP,galicia,,,Windows-10-10.0.26100-SP0,3.11.9,3.0.1,12.0,AMD Ryzen 5 7600X 6-Core Processor,,,-7.8691,42.3366,31.14477157592773,machine,N,1.0
2025-05-28T23:38:47,client_job_sim_client_0,fb66f8eb-b7c1-436b-b918-ce5ec57d6217,5b0fa12a-3dd7-45bb-9766-cc326314d9f1,37.806086999999934,1.1880530137621391e-05,3.14249135003615e-07,5.5,0.0,1.0,5.775799256944374e-05,0.0,1.0501301527777717e-05,6.825929409722144e-05,Spain,ESP,galicia,,,Windows-10-10.0.26100-SP0,3.11.9,3.0.1,12.0,AMD Ryzen 5 7600X 6-Core Processor,,,-7.8691,42.3366,31.14477157592773,machine,N,1.0
2025-05-28T23:38:47,server_pc_server_ctrl,e9c7f62a-9138-4db6-b7e6-643e59036654,5b0fa12a-3dd7-45bb-9766-cc326314d9f1,39.611840499999744,0.00011967949547008312,3.0213061034132936e-06,42.5,0.0,20.0,0.00046763038999999933,0.0,0.00021998521166666606,0.0006876156016666654,Spain,ESP,galicia,,,Windows-10-10.0.26100-SP0,3.11.9,3.0.1,12.0,AMD Ryzen 5 7600X 6-Core Processor,,,-7.8691,42.3366,31.144771575927734,machine,N,1.0
